Count,Tradelist Count,Name,Edition,Card Number,Condition,Language,Foil,Signed,Artist Proof,Altered Art,Misprint,Promo,Textless,My Price
1,0,Aegis of the Meek,Ice Age,282,Near Mint,English,,,,,,,,
6,2,Aeolipile,Fallen Empires,166,Near Mint,English,,,,,,,,
16,12,Aether Spellbomb,Mirrodin,141,Near Mint,English,,,,,,,,
6,2,Aether Vial,Darksteel,91,Near Mint,English,,,,,,,,0
2,0,Akroma's Memorial,Future Sight,159,Near Mint,English,,,,,,,,0
3,1,Aladdin's Lamp,Revised Edition,231,Near Mint,English,,,,,,,,0
2,0,Aladdin's Lamp,Fourth Edition,309,Near Mint,English,,,,,,,,
1,0,Aladdin's Ring,Revised Edition,232,Near Mint,English,,,,,,,,0
3,0,Altar of Shadows,Mirrodin,143,Near Mint,English,,,,,,,,
1,0,Amber Prison,Mirage,257,Near Mint,English,,,,,,,,0
1,0,Amulet of Kroog,Antiquities,1,Near Mint,English,,,,,,,,0
16,14,Amulet of Kroog,Fourth Edition,311,Near Mint,English,,,,,,,,0
1,0,Amulet of Kroog,Fifth Edition,347,Near Mint,English,,,,,,,,0
3,0,Amulet of Quoz,Ice Age,283,Near Mint,English,,,,,,,,
4,4,Angel's Feather,Darksteel,92,Near Mint,English,,,,,,,,0
1,0,Angel's Feather,Magic 2010,206,Near Mint,English,,,,,,,,0
3,0,Angel's Feather,Magic 2011,201,Near Mint,English,,,,,,,,0
1,0,Angel's Trumpet,Urza's Legacy,121,Near Mint,English,,,,,,,,
1,0,Apocalypse Chime,Homelands,126,Near Mint,English,,,,,,,,
21,17,Arcane Spyglass,Darksteel,93,Near Mint,English,,,,,,,,
5,1,Arcum's Sleigh,Ice Age,284,Near Mint,English,,,,,,,,
2,0,Arcum's Weathervane,Ice Age,285,Near Mint,English,,,,,,,,
3,0,Arcum's Whistle,Ice Age,286,Near Mint,English,,,,,,,,
2,0,Arena of the Ancients,Chronicles,71,Near Mint,English,,,,,,,,0
1,0,Arena of the Ancients,Legends,215,Near Mint,English,,,,,,,,
5,1,Ark of Blight,Scourge,140,Near Mint,English,,,,,,,,
2,0,Armageddon Clock,Revised Edition,234,Near Mint,English,,,,,,,,0
1,0,Armillary Sphere,Conflux,134,Near Mint,English,,,,,,,,0
1,0,Army of the Damned,Innistrad,87,Near Mint,English,,,,,,,,0
12,9,Ashnod's Altar,Chronicles,72,Near Mint,English,,,,,,,,0
1,0,Ashnod's Altar,Fifth Edition,349,Near Mint,English,,,,,,,,0
4,0,Ashnod's Battle Gear,Fourth Edition,314,Near Mint,English,,,,,,,,
18,14,Ashnod's Transmogrant,Chronicles,73,Near Mint,English,,,,,,,,0
3,1,Astrolabe,Alliances,159,Near Mint,English,,,,,,,,
5,3,Astrolabe,Alliances,160,Near Mint,English,,,,,,,,0
4,0,Avarice Totem,Fifth Dawn,104,Near Mint,English,,,,,,,,
21,17,Azorius Signet,Dissension,159,Near Mint,English,,,,,,,,0
3,0,Baku Altar,Betrayers of Kamigawa,152,Near Mint,English,,,,,,,,
2,0,Balm of Restoration,Fallen Empires,167,Near Mint,English,,,,,,,,
1,0,Balthor the Defiled,Judgment,61,Near Mint,English,,,,,,,,
9,5,Banshee's Blade,Mirrodin,144,Near Mint,English,,,,,,,,
1,0,Barbed Battlegear,Scars of Mirrodin,139,Near Mint,English,,,,,,,,
24,20,Barbed Sextant,Ice Age,287,Near Mint,English,,,,,,,,0
2,2,Barbed Sextant,Fifth Edition,351,Near Mint,English,,,,,,,,
3,0,Barbed Wire,Mercadian Masques,287,Near Mint,English,,,,,,,,
2,0,Barl's Cage,Chronicles,74,Near Mint,English,,,,,,,,0
1,0,Barrin's Codex,Urza's Saga,286,Near Mint,English,,,,,,,,
11,7,Basalt Monolith,Revised Edition,235,Near Mint,English,,,,,,,,0
20,16,Baton of Courage,Fifth Dawn,105,Near Mint,English,,,,,,,,
3,0,Baton of Morale,Ice Age,288,Near Mint,English,,,,,,,,
1,0,Beseech the Queen,Shadowmoor,57,Near Mint,English,,,,,,,,
1,0,Black Market,Commander 2017,98,Near Mint,English,,,,,,,,
8,4,Black Vise,Revised Edition,236,Near Mint,English,,,,,,,,0
2,0,Bladed Pinions,Scars of Mirrodin,140,Near Mint,English,,,,,,,,
5,1,Blasting Station,Fifth Dawn,107,Near Mint,English,,,,,,,,
8,4,Blight Sickle,Shadowmoor,247,Near Mint,English,,,,,,,,
2,0,Blinding Powder,Betrayers of Kamigawa,153,Near Mint,English,,,,,,,,
3,0,Blinkmoth Urn,Mirrodin,145,Near Mint,English,,,,,,,,0
1,0,Bone Flute,The Dark,94,Near Mint,English,,,,,,,,
1,0,Bone Saw,Conflux,135,Near Mint,English,,,,,,,,0
17,13,Bonesplitter,Mirrodin,146,Near Mint,English,,,,,,,,
1,0,Bontu's Monument,Amonkhet,225,Near Mint,English,,,,,,,,0
1,0,Booby Trap,Tempest,267,Near Mint,English,,,,,,,,0
1,0,Book of Rass,Chronicles,75,Near Mint,English,,,,,,,,0
1,0,Book of Rass,The Dark,95,Near Mint,English,,,,,,,,
16,12,Boros Signet,Ravnica: City of Guilds,255,Near Mint,English,,,,,,,,0
2,0,BÃ¶sium Strip,Weatherlight,146,Near Mint,English,,,,,,,,
1,0,Bottle of Suleiman,Fourth Edition,319,Near Mint,English,,,,,,,,0
2,0,Bottled Cloister,Ravnica: City of Guilds,256,Near Mint,English,,,,,,,,
1,0,Braidwood Sextant,Urza's Destiny,127,Near Mint,English,,,,,,,,
3,0,Bullwhip,Stronghold,126,Near Mint,English,,,,,,,,
1,0,Cabal Coffers,Torment,139,Near Mint,English,,,,,,,,
1,0,Cabal Interrogator,Scourge,57,Near Mint,English,,,,,,,,
1,0,Cabal Stronghold,Dominaria,238,Near Mint,English,,,,,,,,
1,0,Caged Sun,New Phyrexia,132,Near Mint,English,,,,,,,,0
1,0,Candles of Leng,Time Spiral,250,Near Mint,English,,,,,,,,
1,0,Carrion Feeder,Eternal Masters,84,Near Mint,English,,,,,,,,
1,0,Catalyst Stone,Odyssey,297,Near Mint,English,,,,,,,,
2,0,Cauldron of Souls,Shadowmoor,248,Near Mint,English,,,,,,,,0
11,7,Celestial Prism,Revised Edition,239,Near Mint,English,,,,,,,,0
5,5,Celestial Prism,Fourth Edition,322,Near Mint,English,,,,,,,,
1,0,Celestial Sword,Ice Age,289,Near Mint,English,,,,,,,,
1,0,Cemetery Reaper,Magic 2012,86,Near Mint,English,,,,,,,,
1,0,Chalice of the Void,Masters 25,222,Near Mint,English,,,,,,,,
1,0,Chalice of the Void,Mirrodin,150,Near Mint,English,,,,,,,,0
1,0,Chaos Confetti,Unglued,72,Near Mint,English,,,,,,,,
1,0,Chariot of the Sun,Mirage,262,Near Mint,English,,,,,,,,
1,0,Charmed Pendant,Odyssey,298,Near Mint,English,,,,,,,,
2,0,Chimeric Coils,Fifth Dawn,108,Near Mint,English,,,,,,,,
4,0,Chimeric Egg,Darksteel,106,Near Mint,English,,,,,,,,
1,0,Chimeric Sphere,Weatherlight,148,Near Mint,English,,,,,,,,0
3,1,Chromatic Sphere,Invasion,299,Near Mint,English,,,,,,,,0
19,17,Chromatic Sphere,Mirrodin,151,Near Mint,English,,,,,,,,0
6,2,Chromatic Star,Time Spiral,251,Near Mint,English,,,,,,,,0
1,0,Chrome Mox,Mirrodin,152,Near Mint,English,,,,,,,,0
3,0,Chronatog Totem,Time Spiral,252,Near Mint,English,,,,,,,,0
1,0,Claws of Gix,"Time Spiral ""Timeshifted""",107,Near Mint,English,,,,,,,,0
1,0,Clearwater Goblet,Fifth Dawn,109,Near Mint,English,,,,,,,,0
5,1,Cloak and Dagger,Morningtide,141,Near Mint,English,,,,,,,,0
6,2,Clock of Omens,Fifth Dawn,110,Near Mint,English,,,,,,,,0
1,0,Cloudstone Curio,Ravnica: City of Guilds,257,Near Mint,English,,,,,,,,0
1,0,Coalition Relic,Masters 25,223,Near Mint,English,,,,,,,,0
1,0,Coalition Relic,Future Sight,161,Near Mint,English,,,,,,,,0
1,0,Coat of Arms,Ninth Edition,291,Near Mint,English,,,,,,,,0
1,0,Coffin Queen,Tempest,8,Near Mint,English,,,,,,,,0
5,1,Coldsteel Heart,Coldsnap,136,Near Mint,English,,,,,,,,0
3,0,Colfenor's Urn,Lorwyn,254,Near Mint,English,,,,,,,,0
5,1,Conch Horn,Fallen Empires,168,Near Mint,English,,,,,,,,0
16,12,Conjurer's Bauble,Fifth Dawn,112,Near Mint,English,,,,,,,,0
1,0,Conjurer's Closet,Commander Anthology,214,Near Mint,English,,,,,,,,0
15,11,Conservator,Revised Edition,241,Near Mint,English,,,,,,,,0
2,2,Conservator,Fourth Edition,327,Near Mint,English,,,,,,,,0
2,0,Contagion Clasp,Scars of Mirrodin,144,Near Mint,English,,,,,,,,0
1,0,Copper Carapace,Mirrodin Besieged,102,Near Mint,English,,,,,,,,0
1,0,Coral Helm,Fourth Edition,328,Near Mint,English,,,,,,,,0
1,0,Corpse Harvester,Legions,62,Near Mint,English,,,,,,,,
14,10,Cranial Plating,Fifth Dawn,113,Near Mint,English,,,,,,,,0
2,0,Crown of Convergence,Ravnica: City of Guilds,258,Near Mint,English,,,,,,,,0
1,0,Crypt of Agadeem,Zendikar,212,Near Mint,English,,,,,,,,
1,0,Cryptbreaker,Eldritch Moon,86,Near Mint,English,,,,,,,,
1,0,Crystal Ball,Magic 2011,203,Near Mint,English,,,,,,,,0
1,0,Crystal Chimes,Urza's Saga,292,Near Mint,English,,,,,,,,0
8,5,Crystal Rod,Revised Edition,242,Near Mint,English,,,,,,,,0
6,6,Crystal Rod,Fourth Edition,329,Near Mint,English,,,,,,,,0
1,1,Crystal Rod,Fifth Edition,361,Near Mint,English,,,,,,,,0
1,0,Crystal Rod,Eighth Edition,295,Near Mint,English,,,,,,,,0
8,4,Crystal Shard,Mirrodin,159,Near Mint,English,,,,,,,,0
3,0,Culling Dais,Battlebond,233,Near Mint,English,,,,,,,,0
1,0,Cursed Rack,Antiquities,13,Near Mint,English,,,,,,,,0
2,0,Cursed Rack,Fourth Edition,330,Near Mint,English,,,,,,,,0
2,0,Cursed Scroll,Tempest,271,Near Mint,English,,,,,,,,0
1,0,Cursed Totem,Mirage,264,Near Mint,English,,,,,,,,0
2,0,Cyclopean Snare,Ravnica: City of Guilds,259,Near Mint,English,,,,,,,,0
1,0,Cyclopean Tomb,Limited Edition Beta,242,Near Mint,English,,,,,,,,0
1,0,Damnation,Planar Chaos,85,Near Mint,English,,,,,,,,0
1,0,Damping Engine,Urza's Legacy,124,Near Mint,English,,,,,,,,0
2,0,Damping Matrix,Mirrodin,161,Near Mint,English,,,,,,,,0
1,0,Dark Ritual,Urza's Saga,127,Near Mint,English,,,,,,,,0
1,0,Dark Salvation,Eldritch Moon,87,Near Mint,English,,,,,,,,
5,1,Darksteel Brute,Darksteel,108,Near Mint,English,,,,,,,,0
1,0,Darksteel Forge,Darksteel,110,Near Mint,English,,,,,,,,0
2,0,Darksteel Garrison,Future Sight,167,Near Mint,English,,,,,,,,0
18,14,Darksteel Ingot,Darksteel,112,Near Mint,English,,,,,,,,0
17,13,Darksteel Pendant,Darksteel,113,Near Mint,English,,,,,,,,0
1,0,Darksteel Reactor,Darksteel,114,Near Mint,English,,,,,,,,0
1,0,Darkwater Egg,Odyssey,299,Near Mint,English,,,,,,,,0
7,3,Dead-Iron Sledge,Mirrodin,162,Near Mint,English,,,,,,,,0
1,0,Death Baron,Shards of Alara,70,Near Mint,English,,,,,,,,0
1,0,Deathrender,Lorwyn,255,Near Mint,English,,,,,,,,0
1,0,Decree of Pain,Scourge,64,Near Mint,English,,,,,,,,0
9,5,Delif's Cone,Fallen Empires,169,Near Mint,English,,,,,,,,0
4,0,Delif's Cube,Fallen Empires,170,Near Mint,English,,,,,,,,0
5,1,Demon's Horn,Darksteel,116,Near Mint,English,,,,,,,,0
1,1,Demon's Horn,Magic 2010,209,Near Mint,English,,,,,,,,0
1,0,Demonic Tutor,Revised Edition,13,Near Mint,English,,,,,,,,
1,0,Diabolic Intent,Planeshift,42,Near Mint,English,,,,,,,,0
1,0,Diabolic Tutor,Kaladesh,75,Near Mint,English,,,,,,,,
1,0,Didgeridoo,Homelands,130,Near Mint,English,,,,,,,,0
21,17,Dimir Signet,Ravnica: City of Guilds,260,Near Mint,English,,,,,,,,0
4,1,Dingus Egg,Revised Edition,244,Near Mint,English,,,,,,,,0
1,1,Dingus Egg,Fourth Edition,333,Near Mint,English,,,,,,,,0
1,0,Dingus Egg,Seventh Edition,292,Near Mint,English,,,,,,,,0
2,0,Dingus Staff,Weatherlight,149,Near Mint,English,,,,,,,,0
1,0,Diregraf Colossus,Shadows over Innistrad,107,Near Mint,English,,,,,,,,
2,0,Disrupting Scepter,Seventh Edition,293,Near Mint,English,,,,,,,,0
1,0,Disrupting Scepter,Eighth Edition,298,Near Mint,English,,,,,,,,0
1,0,Disrupting Scepter,Ninth Edition,295,Near Mint,English,,,,,,,,0
7,3,Diviner's Wand,Morningtide,142,Near Mint,English,,,,,,,,0
2,0,Dolmen Gate,Lorwyn,256,Near Mint,English,,,,,,,,0
3,0,Doom Cannon,Onslaught,307,Near Mint,English,,,,,,,,0
1,0,Door of Destinies,Morningtide,143,Near Mint,English,,,,,,,,0
1,0,Doubling Cube,Fifth Dawn,116,Near Mint,English,,,,,,,,0
3,0,Draconian Cylix,Fallen Empires,171,Near Mint,English,,,,,,,,0
7,3,Dragon Blood,Mirrodin,163,Near Mint,English,,,,,,,,0
1,0,Dragon Mask,Visions,144,Near Mint,English,,,,,,,,0
8,4,Dragon's Claw,Darksteel,117,Near Mint,English,,,,,,,,0
3,3,Dragon's Claw,Ninth Edition,296,Near Mint,English,,,,,,,,0
1,1,Dragon's Claw,Tenth Edition,322,Near Mint,English,,,,,,,,0
2,2,Dragon's Claw,Magic 2010,210,Near Mint,English,,,,,,,,0
1,1,Dragon's Claw,Magic 2011,205,Near Mint,English,,,,,,,,0
1,0,Dread Summons,Commander Anthology,56,Near Mint,English,,,,,,,,0
1,0,Dream Chisel,Onslaught,308,Near Mint,English,,,,,,,,0
2,0,Ebony Horse,Revised Edition,247,Near Mint,English,,,,,,,,0
1,0,Ebony Horse,Fourth Edition,336,Near Mint,English,,,,,,,,0
3,0,Ebony Owl Netsuke,Saviors of Kamigawa,154,Near Mint,English,,,,,,,,0
1,0,"Elbrus, the Binding Blade",Dark Ascension,147,Near Mint,English,,,,,,,,0
1,0,Elixir of Immortality,Magic 2011,206,Near Mint,English,,,,,,,,0
2,0,Elkin Bottle,Ice Age,292,Near Mint,English,,,,,,,,0
8,4,Elsewhere Flask,Shadowmoor,250,Near Mint,English,,,,,,,,0
3,0,Elven Lyre,Fallen Empires,172,Near Mint,English,,,,,,,,0
1,0,Embalmer's Tools,Amonkhet,227,Near Mint,English,,,,,,,,0
1,0,Empyrial Plate,Mirrodin,168,Near Mint,English,,,,,,,,0
1,0,Endless Ranks of the Dead,Innistrad,99,Near Mint,English,,,,,,,,0
1,0,Engineered Explosives,Fifth Dawn,118,Near Mint,English,,,,,,,,0
1,0,Ensnaring Bridge,Stronghold,127,Near Mint,English,,,,,,,,0
4,0,Ensouled Scimitar,Fifth Dawn,119,Near Mint,English,,,,,,,,0
1,0,Eon Hub,Fifth Dawn,120,Near Mint,English,,,,,,,,0
1,0,Essence Bottle,Tempest,276,Near Mint,English,,,,,,,,0
1,0,Evolution Vat,Dissension,161,Near Mint,English,,,,,,,,0
1,0,Expedition Map,Zendikar,201,Near Mint,English,,,,,,,,0
1,0,Exsanguinate,Scars of Mirrodin,61,Near Mint,English,,,,,,,,
4,0,Extraplanar Lens,Mirrodin,169,Near Mint,English,,,,,,,,0
8,4,Farsight Mask,Mirrodin,170,Near Mint,English,,,,,,,,0
1,0,Feeding Frenzy,Onslaught,147,Near Mint,English,,,,,,,,
12,10,Feldon's Cane,Chronicles,77,Near Mint,English,,,,,,,,0
1,0,Feldon's Cane,Antiquities,15,Near Mint,English,,,,,,,,0
1,0,Feldon's Cane,"Time Spiral ""Timeshifted""",109,Near Mint,English,,,,,,,,0
7,5,Fellwar Stone,Fourth Edition,337,Near Mint,English,,,,,,,,0
1,1,Fellwar Stone,Fifth Edition,369,Near Mint,English,,,,,,,,0
2,0,Fellwar Stone,Ninth Edition,297,Near Mint,English,,,,,,,,0
1,0,Feroz's Ban,Seventh Edition,295,Near Mint,English,,,,,,,,0
2,0,Fire Diamond,Seventh Edition,296,Near Mint,English,,,,,,,,0
8,4,Fireshrieker,Mirrodin,171,Near Mint,English,,,,,,,,0
2,0,Fist of Suns,Fifth Dawn,123,Near Mint,English,,,,,,,,0
1,0,Flight Spellbomb,Scars of Mirrodin,155,Near Mint,English,,,,,,,,0
1,0,Flowstone Armor,Nemesis,131,Near Mint,English,,,,,,,,0
1,0,Fodder Cannon,Eighth Edition,302,Near Mint,English,,,,,,,,0
5,1,Foriysian Totem,Time Spiral,254,Near Mint,English,,,,,,,,0
12,12,Fountain of Youth,Chronicles,78,Near Mint,English,,,,,,,,0
4,0,Fountain of Youth,The Dark,100,Near Mint,English,,,,,,,,0
5,1,Fyndhorn Bow,Ice Age,293,Near Mint,English,,,,,,,,0
15,11,Galvanic Key,Mirrodin,173,Near Mint,English,,,,,,,,0
4,0,Gate to the Aether,Mirrodin,174,Near Mint,English,,,,,,,,0
1,0,Gauntlets of Chaos,Chronicles,79,Near Mint,English,,,,,,,,0
3,0,Gemstone Array,Fifth Dawn,124,Near Mint,English,,,,,,,,0
3,0,General's Kabuto,Champions of Kamigawa,251,Near Mint,English,,,,,,,,0
1,0,Genesis Chamber,Battlebond,235,Near Mint,English,,,,,,,,0
5,2,Genesis Chamber,Darksteel,122,Near Mint,English,,,,,,,,0
4,0,Geth's Grimoire,Darksteel,123,Near Mint,English,,,,,,,,0
1,0,"Geth, Lord of the Vault",Scars of Mirrodin,64,Near Mint,English,,,,,,,,
1,0,Ghoulcaller Gisa,Commander 2014,23,Near Mint,English,,,,,,,,0
3,0,Gilded Lotus,Mirrodin,175,Near Mint,English,,,,,,,,0
11,10,Glasses of Urza,Revised Edition,249,Near Mint,English,,,,,,,,0
3,0,Glasses of Urza,Fourth Edition,339,Near Mint,English,,,,,,,,0
1,0,Glint Hawk Idol,Scars of Mirrodin,156,Near Mint,English,,,,,,,,0
2,0,Gnarled Effigy,Shadowmoor,251,Near Mint,English,,,,,,,,0
3,0,Goblin Cannon,Fifth Dawn,125,Near Mint,English,,,,,,,,0
2,0,Goblin Charbelcher,Mirrodin,176,Near Mint,English,,,,,,,,0
1,0,Goblin Lyre,Ice Age,294,Near Mint,English,,,,,,,,0
2,0,Golden Urn,Scars of Mirrodin,158,Near Mint,English,,,,,,,,0
1,0,Golem Foundry,Scars of Mirrodin,160,Near Mint,English,,,,,,,,0
1,0,Golem's Heart,Scars of Mirrodin,161,Near Mint,English,,,,,,,,0
6,2,Golem-Skin Gauntlets,Mirrodin,181,Near Mint,English,,,,,,,,0
13,9,Golgari Signet,Ravnica: City of Guilds,262,Near Mint,English,,,,,,,,0
1,0,Gorgon Flail,Magic 2010,211,Near Mint,English,,,,,,,,0
5,1,Grafted Wargear,Fifth Dawn,126,Near Mint,English,,,,,,,,0
5,1,Granite Shard,Mirrodin,182,Near Mint,English,,,,,,,,0
1,0,Grave Defiler,Apocalypse,40,Near Mint,English,,,,,,,,
1,0,Grave Titan,Magic 2012,98,Near Mint,English,,,,,,,,
1,0,Graveborn Muse,Legions,73,Near Mint,English,,,,,,,,0
1,0,Gravespawn Sovereign,Onslaught,152,Near Mint,English,,,,,,,,
1,0,Gray Merchant of Asphodel,Theros,89,Near Mint,English,,,,,,,,
1,0,Green Mana Battery,Fourth Edition,341,Near Mint,English,,,,,,,,0
6,2,Grifter's Blade,Ravnica: City of Guilds,263,Near Mint,English,,,,,,,,0
1,0,Grimoire of the Dead,Innistrad,226,Near Mint,English,,,,,,,,0
3,0,Grinding Station,Fifth Dawn,127,Near Mint,English,,,,,,,,0
18,14,Gruul Signet,Guildpact,150,Near Mint,English,,,,,,,,0
2,0,Gruul War Plow,Guildpact,151,Near Mint,English,,,,,,,,0
5,1,Guardian Idol,Fifth Dawn,128,Near Mint,English,,,,,,,,0
4,0,Hair-Strung Koto,Champions of Kamigawa,252,Near Mint,English,,,,,,,,0
5,1,Hankyu,Champions of Kamigawa,253,Near Mint,English,,,,,,,,0
19,15,Healer's Headdress,Fifth Dawn,129,Near Mint,English,,,,,,,,0
2,0,Heartstone,Stronghold,128,Near Mint,English,,,,,,,,0
4,0,Heartwood Shard,Mirrodin,184,Near Mint,English,,,,,,,,0
16,12,Heliophial,Fifth Dawn,130,Near Mint,English,,,,,,,,0
1,0,Helldozer,Ravnica: City of Guilds,88,Near Mint,English,,,,,,,,
2,0,Helm of Chatzuk,Revised Edition,250,Near Mint,English,,,,,,,,0
1,0,Helm of Kaldra,Fifth Dawn,131,Near Mint,English,,,,,,,,0
4,0,Hematite Talisman,Ice Age,295,Near Mint,English,,,,,,,,0
11,7,Herbal Poultice,Lorwyn,257,Near Mint,English,,,,,,,,0
1,0,Hero's Downfall,Theros,90,Near Mint,English,,,,,,,,
1,0,Hivestone,Time Spiral,256,Near Mint,English,,,,,,,,0
6,2,Honor-Worn Shaku,Champions of Kamigawa,254,Near Mint,English,,,,,,,,0
1,0,Horizon Spellbomb,Scars of Mirrodin,165,Near Mint,English,,,,,,,,0
4,0,Horn of Deafening,Chronicles,80,Near Mint,English,,,,,,,,0
2,0,Horn of Greed,Stronghold,129,Near Mint,English,,,,,,,,0
16,12,Horned Helm,Fifth Dawn,132,Near Mint,English,,,,,,,,0
3,0,Hornet Cannon,Stronghold,130,Near Mint,English,,,,,,,,0
1,0,Howling Mine,Revised Edition,251,Near Mint,English,,,,,,,,0
1,0,Howling Mine,Fourth Edition,343,Near Mint,English,,,,,,,,0
1,0,Howling Mine,Eighth Edition,303,Near Mint,English,,,,,,,,0
1,0,Ice Cauldron,Ice Age,296,Near Mint,English,,,,,,,,0
1,0,Icy Manipulator,Unlimited Edition,249,Near Mint,English,,,,,,,,0
5,4,Icy Manipulator,Ice Age,297,Near Mint,English,,,,,,,,0
6,4,Icy Manipulator,Mirrodin,186,Near Mint,English,,,,,,,,0
3,0,Illuminated Folio,Shadowmoor,254,Near Mint,English,,,,,,,,0
3,0,Imi Statue,Champions of Kamigawa,255,Near Mint,English,,,,,,,,0
2,0,Implements of Sacrifice,Fallen Empires,173,Near Mint,English,,,,,,,,0
2,0,Infiltration Lens,Scars of Mirrodin,167,Near Mint,English,,,,,,,,0
3,0,Infinite Hourglass,Ice Age,298,Near Mint,English,,,,,,,,0
4,0,Infused Arrows,Fifth Dawn,133,Near Mint,English,,,,,,,,0
1,0,Iron Lance,Mercadian Masques,300,Near Mint,English,,,,,,,,0
1,0,Iron Maiden,Urza's Legacy,127,Near Mint,English,,,,,,,,0
13,11,Iron Star,Revised Edition,252,Near Mint,English,,,,,,,,0
1,0,Iron Star,Fourth Edition,344,Near Mint,English,,,,,,,,0
1,0,Iron Star,Eighth Edition,304,Near Mint,English,,,,,,,,0
3,0,Isochron Scepter,Mirrodin,188,Near Mint,English,,,,,,,,0
1,0,Ivory Crane Netsuke,Saviors of Kamigawa,155,Near Mint,English,,,,,,,,0
16,16,Ivory Cup,Revised Edition,253,Near Mint,English,,,,,,,,0
5,4,Ivory Cup,Fourth Edition,345,Near Mint,English,,,,,,,,0
1,0,Ivory Cup,Fifth Edition,380,Near Mint,English,,,,,,,,0
4,3,Ivory Cup,Seventh Edition,302,Near Mint,English,,,,,,,,0
1,0,Ivory Cup,Eighth Edition,305,Near Mint,English,,,,,,,,0
1,0,Ivory Tower,Antiquities,18,Near Mint,English,,,,,,,,0
1,0,Ivory Tower,Revised Edition,254,Near Mint,English,,,,,,,,0
12,8,Izzet Signet,Guildpact,152,Near Mint,English,,,,,,,,0
1,0,Jabari's Banner,Weatherlight,150,Near Mint,English,,,,,,,,0
6,2,Jade Idol,Champions of Kamigawa,256,Near Mint,English,,,,,,,,0
1,0,Jade Monolith,Revised Edition,255,Near Mint,English,,,,,,,,0
2,0,Jalum Tome,Chronicles,81,Near Mint,English,,,,,,,,0
1,0,Jalum Tome,Antiquities,19,Near Mint,English,,,,,,,,0
2,0,Jandor's Ring,Revised Edition,256,Near Mint,English,,,,,,,,0
2,0,Jandor's Saddlebags,Revised Edition,257,Near Mint,English,,,,,,,,0
1,0,Jandor's Saddlebags,Fourth Edition,348,Near Mint,English,,,,,,,,0
6,3,Jayemdae Tome,Revised Edition,258,Near Mint,English,,,,,,,,0
1,0,Jayemdae Tome,Fourth Edition,349,Near Mint,English,,,,,,,,0
1,0,Jester's Cap,Ice Age,299,Near Mint,English,,,,,,,,0
4,0,Jester's Mask,Ice Age,300,Near Mint,English,,,,,,,,0
2,0,Jester's Scepter,Coldsnap,137,Near Mint,English,,,,,,,,0
1,0,Jet Medallion,Tempest,282,Near Mint,English,,,,,,,,0
1,0,Jeweled Amulet,Ice Age,301,Near Mint,English,,,,,,,,0
3,0,Jeweled Bird,Chronicles,82,Near Mint,English,,,,,,,,0
1,0,Jinxed Choker,Mirrodin,189,Near Mint,English,,,,,,,,0
2,0,Jinxed Ring,Stronghold,131,Near Mint,English,,,,,,,,0
1,0,"Josu Vess, Lich Knight",Dominaria,95,Near Mint,English,,,,,,,,
4,0,Journeyer's Kite,Champions of Kamigawa,257,Near Mint,English,,,,,,,,0
4,2,Joven's Tools,Homelands,133,Near Mint,English,,,,,,,,0
2,0,Joven's Tools,Fifth Edition,386,Near Mint,English,,,,,,,,0
2,0,Junkyo Bell,Champions of Kamigawa,258,Near Mint,English,,,,,,,,0
1,0,Kitesail,Worldwake,126,Near Mint,English,,,,,,,,0
3,0,Konda's Banner,Champions of Kamigawa,259,Near Mint,English,,,,,,,,0
6,4,Kraken's Eye,Darksteel,126,Near Mint,English,,,,,,,,0
2,0,Kraken's Eye,Tenth Edition,329,Near Mint,English,,,,,,,,0
1,0,Krark's Thumb,Mirrodin,190,Near Mint,English,,,,,,,,0
5,1,Krark-Clan Ironworks,Fifth Dawn,134,Near Mint,English,,,,,,,,0
4,0,Kusari-Gama,Champions of Kamigawa,260,Near Mint,English,,,,,,,,0
6,2,Lantern of Insight,Fifth Dawn,135,Near Mint,English,,,,,,,,0
5,1,Lapis Lazuli Talisman,Ice Age,302,Near Mint,English,,,,,,,,0
1,0,Leechridden Swamp,Shadowmoor,273,Near Mint,English,,,,,,,,
1,0,Leering Emblem,Eventide,171,Near Mint,English,,,,,,,,0
5,1,Leonin Bladetrap,Mirrodin,192,Near Mint,English,,,,,,,,0
19,15,Leonin Bola,Darksteel,127,Near Mint,English,,,,,,,,0
14,10,Leonin Scimitar,Mirrodin,193,Near Mint,English,,,,,,,,0
1,0,Letter Bomb,Unhinged,122,Near Mint,English,,,,,,,,0
2,0,Liar's Pendulum,Mirrodin,196,Near Mint,English,,,,,,,,0
6,6,Library of Leng,Revised Edition,261,Near Mint,English,,,,,,,,0
6,3,Library of Leng,Fourth Edition,351,Near Mint,English,,,,,,,,0
1,0,Library of Leng,Fifth Edition,387,Near Mint,English,,,,,,,,0
17,13,Lifespark Spellbomb,Mirrodin,197,Near Mint,English,,,,,,,,0
4,0,Lightning Coils,Mirrodin,198,Near Mint,English,,,,,,,,0
6,2,Lightning Greaves,Mirrodin,199,Near Mint,English,,,,,,,,0
1,0,Liliana's Reaver,Commander 2014,147,Near Mint,English,,,,,,,,0
1,0,"Liliana, Death's Majesty",Amonkhet,97,Near Mint,English,,,,,,,,
1,0,"Liliana, Untouched by Death",Core Set 2019,106,Near Mint,English,,,,,,,,
1,0,Lion's Eye Diamond,Mirage,272,Near Mint,English,,,,,,,,0
12,9,Living Armor,Chronicles,83,Near Mint,English,,,,,,,,0
1,0,Living Armor,The Dark,101,Near Mint,English,,,,,,,,0
4,0,Locket of Yesterdays,Time Spiral,258,Near Mint,English,,,,,,,,0
2,0,Lodestone Bauble,Alliances,164,Near Mint,English,,,,,,,,0
2,0,Long-Forgotten Gohei,Champions of Kamigawa,261,Near Mint,English,,,,,,,,0
1,0,Lord of the Accursed,Amonkhet,99,Near Mint,English,,,,,,,,
1,0,Lord of the Undead,Planeshift,44,Near Mint,English,,,,,,,,0
1,0,Lotus Bloom,Time Spiral,259,Near Mint,English,,,,,,,,0
1,0,Lotus Petal,Tempest,284,Near Mint,English,,,,,,,,0
6,3,Loxodon Warhammer,Mirrodin,201,Near Mint,English,,,,,,,,0
1,0,Loxodon Warhammer,Tenth Edition,332,Near Mint,English,,,,,,,,0
4,0,Magewright's Stone,Dissension,162,Near Mint,English,,,,,,,,0
2,0,Magma Mine,Visions,149,Near Mint,English,,,,,,,,0
5,1,Malachite Talisman,Ice Age,303,Near Mint,English,,,,,,,,0
1,0,Mana Cylix,Planeshift,132,Near Mint,English,,,,,,,,0
1,0,Mana Cylix,Conflux,138,Near Mint,English,,,,,,,,0
1,0,Mana Prism,Mirage,273,Near Mint,English,,,,,,,,0
1,0,Mana Screw,Unhinged,123,Near Mint,English,,,,,,,,0
4,1,Mana Vault,Revised Edition,263,Near Mint,English,,,,,,,,0
1,0,Mana Vault,Fourth Edition,352,Near Mint,English,,,,,,,,0
1,0,Mana Web,Weatherlight,152,Near Mint,English,,,,,,,,0
1,0,Mangara's Tome,Mirage,274,Near Mint,English,,,,,,,,0
4,0,Manriki-Gusari,Saviors of Kamigawa,156,Near Mint,English,,,,,,,,0
2,0,Marble Diamond,Seventh Edition,306,Near Mint,English,,,,,,,,0
11,7,Mask of Memory,Mirrodin,203,Near Mint,English,,,,,,,,0
3,2,Meekstone,Revised Edition,264,Near Mint,English,,,,,,,,0
2,0,Meekstone,Fourth Edition,353,Near Mint,English,,,,,,,,0
1,0,Meekstone,Seventh Edition,307,Near Mint,English,,,,,,,,0
1,0,Memory Jar,Urza's Legacy,129,Near Mint,English,,,,,,,,0
6,2,Mesmeric Orb,Mirrodin,204,Near Mint,English,,,,,,,,0
1,0,Mightstone,Antiquities,20,Near Mint,English,,,,,,,,0
1,0,Millstone,Fourth Edition,354,Near Mint,English,,,,,,,,0
2,0,Millstone,Ninth Edition,304,Near Mint,English,,,,,,,,0
1,0,Millstone,Tenth Edition,334,Near Mint,English,,,,,,,,0
4,2,Mind Stone,Weatherlight,153,Near Mint,English,,,,,,,,0
3,1,Mind Stone,Tenth Edition,335,Near Mint,English,,,,,,,,0
2,0,Mind's Eye,Mirrodin,205,Near Mint,English,,,,,,,,0
4,0,Mindslaver,Mirrodin,206,Near Mint,English,,,,,,,,0
3,0,Mindstorm Crown,Mirrodin,207,Near Mint,English,,,,,,,,0
1,0,Minion Reflector,Shards of Alara,211,Near Mint,English,,,,,,,,0
1,0,Mirari,"Time Spiral ""Timeshifted""",112,Near Mint,English,,,,,,,,0
2,0,Mirror Gallery,Betrayers of Kamigawa,154,Near Mint,English,,,,,,,,0
1,0,Misers' Cage,Mirage,276,Near Mint,English,,,,,,,,0
2,0,Mishra's Bauble,Coldsnap,138,Near Mint,English,,,,,,,,0
1,0,Mishra's Groundbreaker,Alliances,165,Near Mint,English,,,,,,,,0
2,0,Mizzium Transreliquat,Guildpact,153,Near Mint,English,,,,,,,,0
11,7,Moonglove Extract,Lorwyn,258,Near Mint,English,,,,,,,,0
2,0,Moonring Mirror,Champions of Kamigawa,262,Near Mint,English,,,,,,,,0
1,0,Moratorium Stone,Guildpact,154,Near Mint,English,,,,,,,,0
1,0,Mossfire Egg,Odyssey,304,Near Mint,English,,,,,,,,0
8,4,Mourner's Shield,Mirrodin,209,Near Mint,English,,,,,,,,0
1,0,Mox Diamond,Stronghold,132,Near Mint,English,,,,,,,,0
2,0,Muse Vessel,Dissension,163,Near Mint,English,,,,,,,,0
2,0,My First Tome,Unhinged,125,Near Mint,English,,,,,,,,0
1,0,Mycosynth Lattice,Darksteel,130,Near Mint,English,,,,,,,,0
2,0,Myr Matrix,Darksteel,132,Near Mint,English,,,,,,,,0
1,0,Mystic Compass,Alliances,166,Near Mint,English,,,,,,,,0
4,0,Nacre Talisman,Ice Age,304,Near Mint,English,,,,,,,,0
3,0,Naked Singularity,Ice Age,305,Near Mint,English,,,,,,,,0
1,0,Nantuko Husk,Onslaught,159,Near Mint,English,,,,,,,,0
18,14,Necrogen Spellbomb,Mirrodin,216,Near Mint,English,,,,,,,,0
1,0,Necromancer's Stockpile,Magic 2015 Core Set,108,Near Mint,English,,,,,,,,0
1,0,Necropotence,Ice Age,42,Near Mint,English,,,,,,,,0
1,0,Neko-Te,Betrayers of Kamigawa,155,Near Mint,English,,,,,,,,0
5,1,Nemesis Mask,Darksteel,134,Near Mint,English,,,,,,,,0
15,11,Neurok Hoversail,Mirrodin,218,Near Mint,English,,,,,,,,0
15,11,Neurok Stealthsuit,Fifth Dawn,140,Near Mint,English,,,,,,,,0
1,0,Never // Return,Amonkhet,212,Near Mint,English,,,,,,,,
1,0,Nevinyrral's Disk,Commander 2017,217,Near Mint,English,,,,,,,,0
1,0,Nightmare Lash,Mirrodin,219,Near Mint,English,,,,,,,,0
3,0,Nihil Spellbomb,Masters 25,226,Near Mint,English,,,,,,,,0
7,3,Nine-Ringed Bo,Champions of Kamigawa,263,Near Mint,English,,,,,,,,0
9,5,No-Dachi,Champions of Kamigawa,264,Near Mint,English,,,,,,,,0
1,0,Noxious Ghoul,Legions,77,Near Mint,English,,,,,,,,
2,0,Nuisance Engine,Mirrodin,221,Near Mint,English,,,,,,,,0
1,0,"Nykthos, Shrine to Nyx",Theros,223,Near Mint,English,,,,,,,,
2,0,O-Naginata,Saviors of Kamigawa,157,Near Mint,English,,,,,,,,0
2,0,"Oathkeeper, Takeno's Daisho",Champions of Kamigawa,265,Near Mint,English,,,,,,,,0
2,0,Obelisk of Bant,Shards of Alara,212,Near Mint,English,,,,,,,,0
1,0,Obelisk of Esper,Shards of Alara,213,Near Mint,English,,,,,,,,0
3,0,Obelisk of Grixis,Shards of Alara,214,Near Mint,English,,,,,,,,0
1,0,Obelisk of Jund,Shards of Alara,215,Near Mint,English,,,,,,,,0
3,0,Obelisk of Naya,Shards of Alara,216,Near Mint,English,,,,,,,,0
1,0,Obelisk of Undoing,Chronicles,84,Near Mint,English,,,,,,,,0
3,0,Oblivion Stone,Mirrodin,222,Near Mint,English,,,,,,,,0
6,0,Obsidian Battle-Axe,Morningtide,144,Near Mint,English,,,,,,,,0
5,1,Onyx Talisman,Ice Age,306,Near Mint,English,,,,,,,,0
18,14,Opaline Bracers,Fifth Dawn,141,Near Mint,English,,,,,,,,0
4,0,Orb of Dreams,Betrayers of Kamigawa,156,Near Mint,English,,,,,,,,0
1,0,Origin Spellbomb,Scars of Mirrodin,189,Near Mint,English,,,,,,,,0
3,0,Ornate Kanzashi,Betrayers of Kamigawa,157,Near Mint,English,,,,,,,,0
5,1,Orochi Hatchery,Champions of Kamigawa,266,Near Mint,English,,,,,,,,0
16,12,Orzhov Signet,Guildpact,155,Near Mint,English,,,,,,,,0
1,0,Panacea,Mercadian Masques,308,Near Mint,English,,,,,,,,0
1,0,Panharmonicon,Kaladesh,226,Near Mint,English,,,,,,,,0
1,0,Panic Spellbomb,Scars of Mirrodin,191,Near Mint,English,,,,,,,,0
4,0,Panoptic Mirror,Darksteel,136,Near Mint,English,,,,,,,,0
5,1,Paradise Mantle,Fifth Dawn,142,Near Mint,English,,,,,,,,0
3,0,Paradise Plume,Time Spiral,260,Near Mint,English,,,,,,,,0
1,0,Pariah's Shield,Ravnica: City of Guilds,267,Near Mint,English,,,,,,,,0
3,0,Pearl Shard,Mirrodin,225,Near Mint,English,,,,,,,,0
16,12,Pentad Prism,Fifth Dawn,143,Near Mint,English,,,,,,,,0
4,0,Pentagram of the Ages,Ice Age,307,Near Mint,English,,,,,,,,0
4,0,Peregrine Mask,Ravnica: City of Guilds,268,Near Mint,English,,,,,,,,0
1,0,Perpetual Timepiece,Kaladesh,227,Near Mint,English,,,,,,,,0
1,0,Phyrexian Altar,Invasion,306,Near Mint,English,,,,,,,,0
1,0,Phyrexian Arena,Apocalypse,47,Near Mint,English,,,,,,,,0
1,0,Phyrexian Furnace,Weatherlight,155,Near Mint,English,,,,,,,,0
1,0,Phyrexian Ghoul,Urza's Saga,148,Near Mint,English,,,,,,,,0
1,0,Phyrexian Lens,Invasion,307,Near Mint,English,,,,,,,,0
1,0,Phyrexian Splicer,Tempest,293,Near Mint,English,,,,,,,,0
4,0,Phyrexian Totem,Time Spiral,261,Near Mint,English,,,,,,,,0
3,0,Pit Trap,Ice Age,308,Near Mint,English,,,,,,,,0
2,0,Pit Trap,Seventh Edition,313,Near Mint,English,,,,,,,,0
1,0,Pithing Needle,Saviors of Kamigawa,158,Near Mint,English,,,,,,,,0
1,0,Pithing Needle,Tenth Edition,338,Near Mint,English,,,,,,,,0
1,0,Plague Belcher,Amonkhet,104,Near Mint,English,,,,,,,,
1,0,Plaguebearer,Exodus,71,Near Mint,English,,,,,,,,0
1,0,Planar Portal,Invasion,308,Near Mint,English,,,,,,,,0
1,0,Planar Portal,Eighth Edition,311,Near Mint,English,,,,,,,,0
1,0,Pontiff of Blight,Dragon's Maze,27,Near Mint,English,,,,,,,,0
2,0,Portcullis,Stronghold,133,Near Mint,English,,,,,,,,0
1,0,Power Armor,Invasion,309,Near Mint,English,,,,,,,,0
9,5,Power Conduit,Mirrodin,229,Near Mint,English,,,,,,,,0
10,6,Prismatic Lens,Time Spiral,262,Near Mint,English,,,,,,,,0
2,0,Prophetic Prism,Masters 25,229,Near Mint,English,,,,,,,,0
2,0,Prophetic Prism,Rise of the Eldrazi,222,Near Mint,English,,,,,,,,0
4,0,Proteus Staff,Mirrodin,230,Near Mint,English,,,,,,,,0
3,0,Psychogenic Probe,Mirrodin,231,Near Mint,English,,,,,,,,0
1,0,Puppet Strings,Tempest,294,Near Mint,English,,,,,,,,0
14,10,Pyrite Spellbomb,Mirrodin,232,Near Mint,English,,,,,,,,0
3,0,Quicksilver Fountain,Mirrodin,233,Near Mint,English,,,,,,,,0
2,0,Rakalite,Chronicles,85,Near Mint,English,,,,,,,,0
1,0,Rakdos Riteknife,Dissension,164,Near Mint,English,,,,,,,,0
21,17,Rakdos Signet,Dissension,165,Near Mint,English,,,,,,,,0
2,0,Reflecting Mirror,The Dark,103,Near Mint,English,,,,,,,,0
5,1,Reito Lantern,Champions of Kamigawa,267,Near Mint,English,,,,,,,,0
2,0,Relic Barrier,Legends,237,Near Mint,English,,,,,,,,0
4,2,Relic Barrier,Fifth Dawn,147,Near Mint,English,,,,,,,,0
3,0,Relic of Progenitus,Shards of Alara,218,Near Mint,English,,,,,,,,0
3,0,Revelsong Horn,Shadowmoor,261,Near Mint,English,,,,,,,,0
2,0,Ring of Renewal,Fallen Empires,174,Near Mint,English,,,,,,,,0
2,0,Rings of Brighthearth,Lorwyn,259,Near Mint,English,,,,,,,,0
2,0,Riptide Replicator,Onslaught,309,Near Mint,English,,,,,,,,0
11,11,Rod of Ruin,Revised Edition,273,Near Mint,English,,,,,,,,0
7,7,Rod of Ruin,Fourth Edition,362,Near Mint,English,,,,,,,,0
5,4,Rod of Ruin,Fifth Edition,396,Near Mint,English,,,,,,,,0
3,2,Rod of Ruin,Seventh Edition,314,Near Mint,English,,,,,,,,0
1,0,Rod of Ruin,Ninth Edition,307,Near Mint,English,,,,,,,,0
2,2,Rod of Ruin,Tenth Edition,341,Near Mint,English,,,,,,,,0
1,0,Rod of Ruin,Magic 2010,219,Near Mint,English,,,,,,,,0
13,9,Ronin Warclub,Betrayers of Kamigawa,158,Near Mint,English,,,,,,,,0
1,0,Runed Arch,Ice Age,309,Near Mint,English,,,,,,,,0
10,6,Runed Stalactite,Lorwyn,260,Near Mint,English,,,,,,,,0
16,13,Runesword,Chronicles,86,Near Mint,English,,,,,,,,0
1,0,Runesword,The Dark,104,Near Mint,English,,,,,,,,0
1,0,Rusted Relic,Scars of Mirrodin,199,Near Mint,English,,,,,,,,0
1,0,Sai of the Shinobi,Masters 25,230,Near Mint,English,,,,,,,,0
5,1,Salvaging Station,Fifth Dawn,148,Near Mint,English,,,,,,,,0
1,0,Sandstone Deadfall,Odyssey,307,Near Mint,English,,,,,,,,0
1,0,"Sarpadian Empires, Vol. VII",Time Spiral,263,Near Mint,English,,,,,,,,0
14,10,Scale of Chiss-Goria,Mirrodin,236,Near Mint,English,,,,,,,,0
1,0,Scarab of the Unseen,Alliances,171,Near Mint,English,,,,,,,,0
10,6,Scrabbling Claws,Mirrodin,237,Near Mint,English,,,,,,,,0
1,0,Scrapheap,Urza's Legacy,132,Near Mint,English,,,,,,,,0
2,0,Scroll Rack,Tempest,298,Near Mint,English,,,,,,,,0
1,0,Sculpting Steel,Tenth Edition,342,Near Mint,English,,,,,,,,0
3,0,Scythe of the Wretched,Mirrodin,239,Near Mint,English,,,,,,,,0
4,0,Seer's Lantern,Battlebond,245,Near Mint,English,,,,,,,,0
16,12,Selesnya Signet,Ravnica: City of Guilds,270,Near Mint,English,,,,,,,,0
7,3,Sensei's Divining Top,Champions of Kamigawa,268,Near Mint,English,,,,,,,,0
1,0,Sentinel Tower,Battlebond,79,Near Mint,English,,,,,,,,0
3,1,Serrated Arrows,Homelands,135,Near Mint,English,,,,,,,,0
2,0,Serrated Arrows,"Time Spiral ""Timeshifted""",114,Near Mint,English,,,,,,,,0
1,0,Serum Powder,Darksteel,138,Near Mint,English,,,,,,,,0
7,3,Serum Tank,Mirrodin,240,Near Mint,English,,,,,,,,0
1,0,Shadowblood Egg,Odyssey,308,Near Mint,English,,,,,,,,0
1,0,Shell of the Last Kappa,Champions of Kamigawa,269,Near Mint,English,,,,,,,,0
1,0,Shepherd of Rot,Onslaught,168,Near Mint,English,,,,,,,,
3,0,Shield of Kaldra,Darksteel,139,Near Mint,English,,,,,,,,0
7,3,Shield of the Ages,Ice Age,310,Near Mint,English,,,,,,,,0
4,0,Shuko,Betrayers of Kamigawa,159,Near Mint,English,,,,,,,,0
6,2,Shuriken,Betrayers of Kamigawa,160,Near Mint,English,,,,,,,,0
16,12,Simic Signet,Dissension,166,Near Mint,English,,,,,,,,0
4,1,Sisay's Ring,Visions,154,Near Mint,English,,,,,,,,0
1,0,Sisay's Ring,Seventh Edition,315,Near Mint,English,,,,,,,,0
4,0,Skeleton Shard,Mirrodin,242,Near Mint,English,,,,,,,,0
4,0,Skull Catapult,Ice Age,311,Near Mint,English,,,,,,,,0
1,0,Skull of Orm,Eighth Edition,313,Near Mint,English,,,,,,,,0
5,1,Skullcage,Fifth Dawn,151,Near Mint,English,,,,,,,,0
6,2,Skullclamp,Darksteel,140,Near Mint,English,,,,,,,,0
5,1,Skullmead Cauldron,Dissension,167,Near Mint,English,,,,,,,,0
1,0,Sky Diamond,Classic Sixth Edition,310,Near Mint,English,,,,,,,,0
2,0,Sky Diamond,Seventh Edition,316,Near Mint,English,,,,,,,,0
2,0,Skycloud Egg,Odyssey,309,Near Mint,English,,,,,,,,0
16,12,Slagwurm Armor,Mirrodin,243,Near Mint,English,,,,,,,,0
1,0,Slate of Ancestry,Onslaught,310,Near Mint,English,,,,,,,,0
2,0,Slumbering Tora,Betrayers of Kamigawa,161,Near Mint,English,,,,,,,,0
1,0,Sol Grail,Alliances,173,Near Mint,English,,,,,,,,0
1,0,Sol Ring,Revised Edition,274,Near Mint,English,,,,,,,,0
1,0,Soratami Cloud Chariot,Saviors of Kamigawa,160,Near Mint,English,,,,,,,,0
1,0,Sorcerer's Strongbox,Magic 2011,213,Near Mint,English,,,,,,,,0
4,0,Soul Foundry,Mirrodin,246,Near Mint,English,,,,,,,,0
10,10,Soul Net,Revised Edition,275,Near Mint,English,,,,,,,,0
5,1,Soul Net,Fourth Edition,364,Near Mint,English,,,,,,,,0
1,0,Soulless One,Onslaught,171,Near Mint,English,,,,,,,,
17,13,Sparring Collar,Fifth Dawn,154,Near Mint,English,,,,,,,,0
5,1,Spawning Pit,Darksteel,141,Near Mint,English,,,,,,,,0
7,3,Specter's Shroud,Darksteel,142,Near Mint,English,,,,,,,,0
2,0,Spectral Searchlight,Battlebond,246,Near Mint,English,,,,,,,,0
7,5,Spectral Searchlight,Ravnica: City of Guilds,271,Near Mint,English,,,,,,,,0
4,0,Spellbinder,Darksteel,143,Near Mint,English,,,,,,,,0
2,1,Spellbook,Eighth Edition,314,Near Mint,English,,,,,,,,0
2,0,Spellbook,Tenth Edition,343,Near Mint,English,,,,,,,,0
1,0,Spellbook,Magic 2010,220,Near Mint,English,,,,,,,,0
3,0,Spellweaver Helix,Mirrodin,247,Near Mint,English,,,,,,,,0
6,2,Spirit Shield,Fallen Empires,175,Near Mint,English,,,,,,,,0
10,6,Springleaf Drum,Lorwyn,261,Near Mint,English,,,,,,,,0
4,0,Squee's Toy,Tempest,299,Near Mint,English,,,,,,,,0
1,0,Stabilizer,Scourge,142,Near Mint,English,,,,,,,,0
1,0,Staff of Domination,Fifth Dawn,156,Near Mint,English,,,,,,,,0
1,0,Staff of Zegon,Antiquities,30,Near Mint,English,,,,,,,,0
1,0,Standing Stones,The Dark,107,Near Mint,English,,,,,,,,0
3,0,Star Compass,Planeshift,134,Near Mint,English,,,,,,,,0
1,0,Star Compass,Eighth Edition,315,Near Mint,English,,,,,,,,0
3,0,Steamclaw,Odyssey,310,Near Mint,English,,,,,,,,0
1,0,Storage Matrix,Ninth Edition,310,Near Mint,English,,,,,,,,0
1,0,Storm Cauldron,Seventh Edition,320,Near Mint,English,,,,,,,,0
1,0,Strionic Resonator,Masters 25,232,Near Mint,English,,,,,,,,0
1,0,Strip Mine,Antiquities,71,Near Mint,English,,,,,,,,0
1,0,Stronghold Assassin,Stronghold,21,Near Mint,English,,,,,,,,0
2,0,Stuffy Doll,Time Spiral,264,Near Mint,English,,,,,,,,0
5,1,Summoning Station,Fifth Dawn,158,Near Mint,English,,,,,,,,0
4,0,Sun Droplet,Mirrodin,249,Near Mint,English,,,,,,,,0
16,12,Sunbeam Spellbomb,Mirrodin,250,Near Mint,English,,,,,,,,0
1,0,Sunforger,Ravnica: City of Guilds,272,Near Mint,English,,,,,,,,0
2,0,Sunglasses of Urza,Revised Edition,276,Near Mint,English,,,,,,,,0
2,0,Sunglasses of Urza,Fourth Edition,365,Near Mint,English,,,,,,,,0
6,2,Sunstone,Ice Age,316,Near Mint,English,,,,,,,,0
3,0,Surestrike Trident,Darksteel,147,Near Mint,English,,,,,,,,0
3,0,Swamp,Battlebond,252,Near Mint,English,,,,,,,,0
2,0,Swamp,Ice Age,354,Near Mint,English,,,,,,,,0
1,0,Swamp,Mirage,311,Near Mint,English,,,,,,,,0
1,0,Swamp,Mirage,312,Near Mint,English,,,,,,,,0
1,0,Swamp,Mirage,313,Near Mint,English,,,,,,,,0
1,0,Swamp,Urza's Saga,339,Near Mint,English,,,,,,,,0
1,0,Swamp,Urza's Saga,340,Near Mint,English,,,,,,,,0
1,0,Swamp,Invasion,339,Near Mint,English,,,,,,,,0
1,0,Swamp,Invasion,342,Near Mint,English,,,,,,,,0
1,0,Swamp,Odyssey,339,Near Mint,English,,,,,,,,0
1,0,Swamp,Odyssey,340,Near Mint,English,,,,,,,,0
1,0,Swamp,Odyssey,341,Near Mint,English,,,,,,,,0
2,0,Swamp,Onslaught,342,Near Mint,English,,,,,,,,0
1,0,Swamp,Amonkhet,261,Near Mint,English,,,,,,,,0
3,0,Swamp,Amonkhet,263,Near Mint,English,,,,,,,,0
1,0,Swamp,Dominaria,258,Near Mint,English,,,,,,,,0
2,0,Swamp,Dominaria,261,Near Mint,English,,,,,,,,0
1,0,Swiftfoot Boots,Masters 25,234,Near Mint,English,,,,,,,,0
1,0,Sword of Fire and Ice,Darksteel,148,Near Mint,English,,,,,,,,0
2,0,Sword of Kaldra,Mirrodin,251,Near Mint,English,,,,,,,,0
1,0,Sword of Light and Shadow,Darksteel,149,Near Mint,English,,,,,,,,0
4,0,Sword of the Meek,Future Sight,165,Near Mint,English,,,,,,,,0
1,0,Sylvok Lifestaff,Scars of Mirrodin,209,Near Mint,English,,,,,,,,0
3,0,Synod Sanctum,Mirrodin,252,Near Mint,English,,,,,,,,0
1,0,Tablet of Epityr,Antiquities,32,Near Mint,English,,,,,,,,0
9,5,Talisman of Dominance,Mirrodin,253,Near Mint,English,,,,,,,,0
5,1,Talisman of Impulse,Mirrodin,254,Near Mint,English,,,,,,,,0
8,4,Talisman of Indulgence,Mirrodin,255,Near Mint,English,,,,,,,,0
5,1,Talisman of Progress,Mirrodin,256,Near Mint,English,,,,,,,,0
6,2,Talisman of Unity,Mirrodin,257,Near Mint,English,,,,,,,,0
5,1,Talon of Pain,Darksteel,150,Near Mint,English,,,,,,,,0
16,12,Tanglebloom,Mirrodin,258,Near Mint,English,,,,,,,,0
1,1,Tanglebloom,Ninth Edition,311,Near Mint,English,,,,,,,,0
1,0,Tangleroot,Mirrodin,259,Near Mint,English,,,,,,,,0
2,0,"Tatsumasa, the Dragon's Fang",Champions of Kamigawa,270,Near Mint,English,,,,,,,,0
1,0,Tawnos's Wand,Antiquities,34,Near Mint,English,,,,,,,,0
7,4,Tawnos's Wand,Fourth Edition,366,Near Mint,English,,,,,,,,0
6,4,Tawnos's Weaponry,Fourth Edition,367,Near Mint,English,,,,,,,,0
3,1,Tawnos's Weaponry,Fifth Edition,401,Near Mint,English,,,,,,,,0
3,0,Teferi's Puzzle Box,Eighth Edition,316,Near Mint,English,,,,,,,,0
6,2,Tel-Jilad Stylus,Mirrodin,260,Near Mint,English,,,,,,,,0
1,0,Telim'Tor's Darts,Mirage,286,Near Mint,English,,,,,,,,0
4,0,"Tenza, Godo's Maul",Champions of Kamigawa,271,Near Mint,English,,,,,,,,0
22,18,Terrarion,Ravnica: City of Guilds,273,Near Mint,English,,,,,,,,0
3,0,That Which Was Taken,Betrayers of Kamigawa,162,Near Mint,English,,,,,,,,0
4,3,The Hive,Revised Edition,277,Near Mint,English,,,,,,,,0
1,0,The Hive,Fourth Edition,369,Near Mint,English,,,,,,,,0
2,0,The Hive,Tenth Edition,324,Near Mint,English,,,,,,,,0
15,14,The Rack,Revised Edition,278,Near Mint,English,,,,,,,,0
2,0,The Rack,Fourth Edition,370,Near Mint,English,,,,,,,,0
1,0,The Rack,"Time Spiral ""Timeshifted""",113,Near Mint,English,,,,,,,,0
1,0,Thespian's Stage,Gatecrash,248,Near Mint,English,,,,,,,,
5,1,Thornbite Staff,Morningtide,145,Near Mint,English,,,,,,,,0
2,0,Thought Dissector,Darksteel,152,Near Mint,English,,,,,,,,0
6,2,Thought Prison,Mirrodin,261,Near Mint,English,,,,,,,,0
1,0,Thousand-Year Elixir,Lorwyn,263,Near Mint,English,,,,,,,,0
1,0,Thran Tome,Weatherlight,160,Near Mint,English,,,,,,,,0
8,8,Throne of Bone,Revised Edition,279,Near Mint,English,,,,,,,,0
6,4,Throne of Bone,Fourth Edition,371,Near Mint,English,,,,,,,,0
1,1,Throne of Bone,Fifth Edition,403,Near Mint,English,,,,,,,,0
2,0,Throne of Bone,Eighth Edition,317,Near Mint,English,,,,,,,,0
1,0,Throne of the God-Pharaoh,Amonkhet,237,Near Mint,English,,,,,,,,0
3,0,Thunder Totem,Time Spiral,265,Near Mint,English,,,,,,,,0
9,5,Thunderstaff,Darksteel,153,Near Mint,English,,,,,,,,0
5,1,Tigereye Cameo,Invasion,314,Near Mint,English,,,,,,,,0
2,0,Time Bomb,Ice Age,317,Near Mint,English,,,,,,,,0
1,0,Timesifter,Mirrodin,262,Near Mint,English,,,,,,,,0
23,19,Tooth of Chiss-Goria,Mirrodin,264,Near Mint,English,,,,,,,,0
16,15,Tormod's Crypt,Chronicles,89,Near Mint,English,,,,,,,,0
3,0,Tormod's Crypt,The Dark,109,Near Mint,English,,,,,,,,0
1,0,Tower of Champions,Mirrodin,265,Near Mint,English,,,,,,,,0
1,0,Tower of Eons,Mirrodin,266,Near Mint,English,,,,,,,,0
1,0,Tower of Fortunes,Mirrodin,267,Near Mint,English,,,,,,,,0
1,0,Tower of Murmurs,Mirrodin,268,Near Mint,English,,,,,,,,0
1,0,Trigon of Infestation,Scars of Mirrodin,214,Near Mint,English,,,,,,,,0
1,0,Trigon of Thought,Scars of Mirrodin,217,Near Mint,English,,,,,,,,0
2,0,Trinisphere,Darksteel,154,Near Mint,English,,,,,,,,0
3,0,Trip Noose,Shadowmoor,266,Near Mint,English,,,,,,,,0
1,0,Triskelavus,Time Spiral,266,Near Mint,English,,,,,,,,0
1,0,Tsabo's Web,Invasion,317,Near Mint,English,,,,,,,,0
1,0,Tumble Magnet,Scars of Mirrodin,218,Near Mint,English,,,,,,,,0
2,0,Twinning Glass,Lorwyn,264,Near Mint,English,,,,,,,,0
3,0,Tyrant's Machine,Battlebond,248,Near Mint,English,,,,,,,,0
2,0,Uba Mask,Champions of Kamigawa,272,Near Mint,English,,,,,,,,0
3,0,Umbral Mantle,Shadowmoor,267,Near Mint,English,,,,,,,,0
1,0,Umezawa's Jitte,Betrayers of Kamigawa,163,Near Mint,English,,,,,,,,0
1,0,Unbreathing Horde,Innistrad,121,Near Mint,English,,,,,,,,0
1,0,Undead Warchief,Scourge,78,Near Mint,English,,,,,,,,0
1,0,Unholy Grotto,Onslaught,327,Near Mint,English,,,,,,,,
21,17,Ur-Golem's Eye,Darksteel,155,Near Mint,English,,,,,,,,0
1,0,"Urborg, Tomb of Yawgmoth",Planar Chaos,165,Near Mint,English,,,,,,,,0
4,0,Urza's Armor,Urza's Saga,313,Near Mint,English,,,,,,,,0
1,1,Urza's Armor,Eighth Edition,318,Near Mint,English,,,,,,,,0
4,0,Urza's Bauble,Ice Age,318,Near Mint,English,,,,,,,,0
1,0,Urza's Chalice,Antiquities,40,Near Mint,English,,,,,,,,0
1,0,Urza's Hot Tub,Unhinged,131,Near Mint,English,,,,,,,,0
1,0,Urza's Incubator,Urza's Destiny,142,Near Mint,English,,,,,,,,0
1,0,Vedalken Orrery,Fifth Dawn,163,Near Mint,English,,,,,,,,0
1,0,Vedalken Shackles,Fifth Dawn,164,Near Mint,English,,,,,,,,0
3,0,Veilstone Amulet,Future Sight,166,Near Mint,English,,,,,,,,0
1,0,Venser's Journal,Scars of Mirrodin,220,Near Mint,English,,,,,,,,0
1,0,Vesuva,Time Spiral,281,Near Mint,English,,,,,,,,
7,3,Veteran's Armaments,Morningtide,146,Near Mint,English,,,,,,,,0
1,0,Vexing Arcanix,Ice Age,319,Near Mint,English,,,,,,,,0
2,0,Vexing Arcanix,Eighth Edition,319,Near Mint,English,,,,,,,,0
1,0,Vibrating Sphere,Ice Age,320,Near Mint,English,,,,,,,,0
14,10,Viridian Longbow,Mirrodin,270,Near Mint,English,,,,,,,,0
2,0,Volrath's Laboratory,Stronghold,136,Near Mint,English,,,,,,,,0
1,0,Volrath's Stronghold,Stronghold,137,Near Mint,English,,,,,,,,
1,0,Voltaic Key,Magic 2011,219,Near Mint,English,,,,,,,,0
2,0,Voodoo Doll,Chronicles,91,Near Mint,English,,,,,,,,0
22,18,Vorrac Battlehorns,Mirrodin,271,Near Mint,English,,,,,,,,0
6,2,Voyager Staff,Ravnica: City of Guilds,274,Near Mint,English,,,,,,,,0
10,6,Vulshok Battlegear,Mirrodin,272,Near Mint,English,,,,,,,,0
17,13,Vulshok Gauntlets,Mirrodin,273,Near Mint,English,,,,,,,,0
16,12,Vulshok Morningstar,Darksteel,157,Near Mint,English,,,,,,,,0
1,0,Wand of Denial,Classic Sixth Edition,317,Near Mint,English,,,,,,,,0
1,0,Wand of Ith,The Dark,111,Near Mint,English,,,,,,,,0
3,0,Wand of the Elements,Darksteel,158,Near Mint,English,,,,,,,,0
10,6,Wanderer's Twig,Lorwyn,265,Near Mint,English,,,,,,,,0
1,0,War Barge,The Dark,112,Near Mint,English,,,,,,,,0
4,0,War Chariot,Ice Age,323,Near Mint,English,,,,,,,,0
2,0,Ward of Bones,Eventide,174,Near Mint,English,,,,,,,,0
1,0,Water Gun Balloon Game,Unhinged,132,Near Mint,English,,,,,,,,0
21,17,Wayfarer's Bauble,Fifth Dawn,165,Near Mint,English,,,,,,,,0
4,0,Weatherseed Totem,Time Spiral,268,Near Mint,English,,,,,,,,0
23,19,Welding Jar,Mirrodin,274,Near Mint,English,,,,,,,,0
1,0,Well of Knowledge,Weatherlight,162,Near Mint,English,,,,,,,,0
2,0,Well of Life,Prophecy,141,Near Mint,English,,,,,,,,0
2,0,Well of Lost Dreams,Darksteel,159,Near Mint,English,,,,,,,,0
6,2,Whalebone Glider,Ice Age,324,Near Mint,English,,,,,,,,0
1,0,Whetwheel,Future Sight,168,Near Mint,English,,,,,,,,0
1,0,Whirling Catapult,Alliances,181,Near Mint,English,,,,,,,,0
22,20,Whispersilk Cloak,Darksteel,160,Near Mint,English,,,,,,,,0
1,0,Whispersilk Cloak,Tenth Edition,345,Near Mint,English,,,,,,,,0
1,0,Whispersilk Cloak,Magic 2010,221,Near Mint,English,,,,,,,,0
1,0,Wight of Precinct Six,Gatecrash,84,Near Mint,English,,,,,,,,0
1,0,Wine of Blood and Iron,Saviors of Kamigawa,161,Near Mint,English,,,,,,,,0
2,0,Winter Orb,Revised Edition,280,Near Mint,English,,,,,,,,0
2,0,Winter Orb,Fourth Edition,376,Near Mint,English,,,,,,,,0
7,3,Wirefly Hive,Darksteel,161,Near Mint,English,,,,,,,,0
1,0,Withered Wretch,Legions,86,Near Mint,English,,,,,,,,0
7,5,Wooden Sphere,Revised Edition,281,Near Mint,English,,,,,,,,0
2,0,Wooden Sphere,Eighth Edition,321,Near Mint,English,,,,,,,,0
2,0,Worldslayer,Mirrodin,276,Near Mint,English,,,,,,,,0
2,0,Wurm's Tooth,Darksteel,162,Near Mint,English,,,,,,,,0
1,0,Wurm's Tooth,Tenth Edition,346,Near Mint,English,,,,,,,,0
1,0,Wurm's Tooth,Magic 2010,222,Near Mint,English,,,,,,,,0
2,0,Zelyon Sword,Fallen Empires,176,Near Mint,English,,,,,,,,0
1,0,Zombie,Extras: Shards of Alara,5,Near Mint,English,,,,,,,,0
1,0,Zombie,Extras: Oath of the Gatewatch,8,Near Mint,English,,,,,,,,0
1,0,Zombie,Extras: Magic 2011,3,Near Mint,English,,,,,,,,0
1,0,Zombie,Extras: Mirrodin Besieged,2,Near Mint,English,,,,,,,,0
1,0,Zombie,Extras: Magic 2012,3,Near Mint,English,,,,,,,,0
1,0,Zombie,Extras: Innistrad,7,Near Mint,English,,,,,,,,0
1,0,Zombie,Extras: Innistrad,8,Near Mint,English,,,,,,,,0
1,0,Zombie,Extras: Innistrad,9,Near Mint,English,,,,,,,,0
1,0,Zombie,Extras: Khans of Tarkir,6,Near Mint,English,,,,,,,,0
1,0,Zombie,Extras: Dragons of Tarkir,3,Near Mint,English,,,,,,,,0
1,0,Zombie,Extras: Shadows over Innistrad,5,Near Mint,English,,,,,,,,0
1,0,Zombie,Extras: Eldritch Moon,3,Near Mint,English,,,,,,,,0
1,0,Zombie,Extras: Eldritch Moon,4,Near Mint,English,,,,,,,,0
1,0,Zombie,Extras: Eldritch Moon,5,Near Mint,English,,,,,,,,0
1,0,Zombie,Extras: Eldritch Moon,6,Near Mint,English,,,,,,,,0
1,0,Zombie,Extras: Conspiracy: Take the Crown,6,Near Mint,English,,,,,,,,0
1,0,Zombie,Extras: Amonkhet,20,Near Mint,English,,,,,,,,0
1,0,Zombie Apocalypse,Dark Ascension,80,Near Mint,English,,,,,,,,
1,0,Zombie Infestation,Odyssey,170,Near Mint,English,,,,,,,,0
1,0,Zombie Knight,Extras: Dominaria,5,Near Mint,English,,,,,,,,
1,0,Zombie Master,Fourth Edition,58,Near Mint,English,,,,,,,,0
1,0,Zombie Trailblazer,Torment,89,Near Mint,English,,,,,,,,0
2,0,Zuran Orb,Ice Age,325,Near Mint,English,,,,,,,,0




